{"s871862468_spd=50.395747586140544_acc=1.0.html": {"0": 0.057587630386, "1": 0.057587630386, "2": 0.006121514827999999, "3": 0.006113466502, "4": Infinity, "5": 0.006112630809999999, "6": 0.006112630809999999, "7": 0.006194387056000001, "8": 0.006194387056000001, "9": 0.006229098589999999, "10": Infinity}}