{"s520470856_spd=27.39943975841911_acc=1.0.html": {"0": 0.031387243602, "1": 0.006386594214, "2": 0.0061500055759999995, "3": 0.0061499955660000005, "4": 0.0061499955660000005, "5": 0.006393047232}, "s207495824_spd=41.58362974418764_acc=1.0.html": {"0": 0.046947320134000006, "1": 0.046984121184, "2": Infinity, "3": Infinity, "4": Infinity, "5": Infinity, "6": Infinity, "7": Infinity, "8": 0.010945672451999998}, "s733720222_spd=50.23510528348582_acc=1.0.html": {"0": 0.057732640108, "1": 0.006184135100000001, "2": 0.006184135100000001, "3": 0.006162200044, "4": 0.006085129622, "5": 0.006144466900000001, "6": 0.0060950684080000005}, "s766949236_spd=43.521725831102984_acc=1.0.html": {"0": 0.066409969912, "1": 0.066010311796, "2": 0.066022572616, "3": 0.065976344434, "4": 0.014627006394, "5": Infinity, "6": Infinity, "7": Infinity, "8": 0.006531922826000001}, "s029007053_spd=29.63630168869682_acc=1.0.html": {"0": 0.033804251624, "1": Infinity, "2": Infinity, "3": Infinity, "4": Infinity, "5": Infinity, "6": 0.008553340796000002}, "s437790328_spd=48.00901188136315_acc=1.0.html": {"0": 0.057939851397999995, "1": Infinity, "2": Infinity, "3": 0.006230374150000001, "4": 0.0062312784820000005, "5": 0.0062312784820000005, "6": 0.016082759835999997}, "s284024370_spd=50.491988919671265_acc=1.0.html": {"0": 0.057884204664, "1": Infinity, "2": Infinity, "3": Infinity, "4": 0.006032330304000001}, "s209101563_spd=42.09116027111039_acc=1.0.html": {"0": 0.05759064940200001, "1": 0.006079234018, "2": 0.006148418848, "3": 0.057996262324, "4": 0.057999203834, "5": 0.006241505270000001}, "s555667158_spd=49.72545106289401_acc=1.0.html": {"0": 0.057567523441999995, "1": Infinity, "2": Infinity, "3": Infinity, "4": 0.11056292361399998, "5": Infinity, "6": 0.006083866932}, "s765643002_spd=50.05350583499421_acc=1.0.html": {"0": 0.057545645014, "1": 0.058121244037999995, "2": 0.058120805028, "3": 0.058210172591999995, "4": 0.058213306866, "5": 0.006164756884}, "s717194930_spd=27.43189016177244_acc=1.0.html": {"0": 0.031568460066000004, "1": Infinity, "2": Infinity, "3": Infinity, "4": Infinity, "5": 0.006084468676}, "s271207089_spd=31.141838017079746_acc=1.0.html": {"0": 0.035126084708, "1": 0.035113317096, "2": 0.10476471662800002, "3": 0.104763844614, "4": 0.104771250584, "5": 0.10477129777399999, "6": 0.007558455762}, "s354205705_spd=27.543016136936927_acc=1.0.html": {"0": 0.0315865836, "1": 0.006225708632, "2": 0.006225773268, "3": 0.006225921987999999, "4": 0.006225921987999999, "5": 0.006225773268, "6": 0.006171599148000001}, "s837230289_spd=50.66058463909082_acc=1.0.html": {"0": 0.058105953048, "1": 0.011204259638, "2": 0.011204819626000001, "3": 0.011196401501999999, "4": 0.011196401501999999, "5": 0.011196401501999999, "6": 0.01121928665}, "s871862468_spd=50.395747586140544_acc=1.0.html": {"0": 0.057587630386, "1": 0.057582070545999994, "2": 0.057582974306, "3": 0.057582974306, "4": 0.05767390428800001, "5": 0.05767390428800001, "6": 0.00617397781, "7": 0.006179175288000001}, "s439619925_spd=27.975648546412977_acc=1.0.html": {"0": 0.031279393288, "1": 0.006225158654000001, "2": 0.006224678460000001, "3": 0.00622484148, "4": 0.00622484148, "5": 0.00622484148, "6": 0.006204039555999999}, "s091984695_spd=27.37313461354686_acc=1.0.html": {"0": 0.031391717786, "1": 0.00619891987, "2": 0.006197148386, "3": 0.006196945326, "4": 0.006197561942}, "s828091027_spd=34.401766378803245_acc=1.0.html": {"0": 0.03967637245, "1": 0.00608075325, "2": Infinity, "3": Infinity, "4": Infinity, "5": Infinity, "6": 0.006089981040000001}, "s514341806_spd=50.057375306841195_acc=1.0.html": {"0": 0.057545592390000004, "1": Infinity, "2": Infinity, "3": Infinity, "4": Infinity, "5": Infinity, "6": 0.031088434234000005}, "s655022052_spd=27.64052645330175_acc=1.0.html": {"0": 0.031137660553999996, "1": 0.008528519428, "2": Infinity, "3": Infinity, "4": Infinity, "5": Infinity, "6": 0.006039993388000001}, "s735918365_spd=27.299248624779842_acc=1.0.html": {"0": 0.031316693407999995, "1": 0.031265124176, "2": 0.031265124176, "3": 0.03126518109, "4": 0.03126518109, "5": 0.03126518109, "6": 0.031268383432, "7": 0.031259038382000004, "8": 0.031259038382000004, "9": 0.011110183369999999}, "s844855275_spd=27.473576090415065_acc=1.0.html": {"0": 0.031110291212, "1": 0.057567569202000006, "2": 0.057567569202000006, "3": Infinity, "4": Infinity, "5": Infinity, "6": 0.0060394128079999995}, "s230831584_spd=50.34313401967914_acc=1.0.html": {"0": 0.057737274738, "1": 0.006220382167999999, "2": Infinity, "3": Infinity, "4": Infinity, "5": Infinity, "6": 0.006222869796000001}, "s770260512_spd=28.284187436078355_acc=1.0.html": {"0": 0.031101205564, "1": 0.031096258908000003, "2": 0.031355682644, "3": 0.008637449678, "4": 0.008636032548, "5": 0.008634017106, "6": 0.0061689056}, "s095487934_spd=27.570536851747146_acc=1.0.html": {"0": 0.031574605634, "1": 0.006207277362, "2": 0.006207277362, "3": 0.006188274378, "4": 0.006188274378, "5": Infinity, "6": 0.006188691366000001}, "s638721331_spd=27.382041215713144_acc=1.0.html": {"0": 0.03139388395, "1": 0.006205356586000001, "2": 0.0062061908479999995, "3": 0.0061988091880000006, "4": 0.0061988091880000006, "5": 0.0061988091880000006, "6": Infinity, "7": 0.006206377606000001}, "s394872425_spd=50.224882520959994_acc=1.0.html": {"0": 0.05866390101, "1": 0.0062046696140000005, "2": 0.006195487584, "3": Infinity, "4": Infinity, "5": 0.006196853234}, "s962695246_spd=50.20986204921044_acc=1.0.html": {"0": 0.057938599290000004, "1": 0.006097005486, "2": 0.006097005486, "3": 0.006100211259999999, "4": 0.006129438172}, "s785852101_spd=27.52861185407805_acc=1.0.html": {"0": 0.031344185158, "1": 0.006238775972000001, "2": 0.006238775972000001, "3": 0.006238775972000001, "4": 0.006153758182000001, "5": 0.006153758182000001, "6": 0.006153758182000001, "7": 0.006153372367999999}, "s016153856_spd=49.9367659511_acc=1.0.htm": {"0": 0.057714188532, "1": 0.006215609399999999, "2": 0.006197545926000001, "3": 0.006221663162000001, "4": 0.006215302522, "5": 0.00623427662, "6": 0.0061787731719999996}}