{"s520470856_spd=27.39943975841911_acc=1.0.html": {"1": 0.00638510873, "2": 0.006164318446, "3": Infinity, "4": Infinity}, "s207495824_spd=41.58362974418764_acc=1.0.html": {"1": Infinity, "2": 0.006052898851999999, "3": Infinity, "4": Infinity, "5": Infinity, "6": Infinity, "7": Infinity, "8": Infinity}, "s733720222_spd=50.23510528348582_acc=1.0.html": {"1": 0.006179571969999999, "2": Infinity, "3": 0.006161909754000001, "4": 0.006161909754000001, "5": Infinity}, "s766949236_spd=43.521725831102984_acc=1.0.html": {"1": Infinity, "2": Infinity, "3": 0.006585822672000001, "4": 0.0065922857000000005, "5": 0.00654484116, "6": 0.0061519601, "7": Infinity, "8": Infinity}, "s029007053_spd=29.63630168869682_acc=1.0.html": {"1": Infinity, "2": Infinity, "3": Infinity, "4": Infinity, "5": 0.006146062208, "6": Infinity}, "s437790328_spd=48.00901188136315_acc=1.0.html": {"1": Infinity, "2": 0.006156039031999999, "3": Infinity, "4": Infinity, "5": Infinity}, "s284024370_spd=50.491988919671265_acc=1.0.html": {"1": 0.006156897032, "2": Infinity, "3": Infinity}, "s209101563_spd=42.09116027111039_acc=1.0.html": {"1": Infinity, "2": Infinity, "3": Infinity, "4": 0.006214619268}, "s555667158_spd=49.72545106289401_acc=1.0.html": {"1": Infinity, "2": Infinity, "3": Infinity, "4": Infinity, "5": Infinity}, "s765643002_spd=50.05350583499421_acc=1.0.html": {"1": Infinity, "2": Infinity, "3": Infinity, "4": Infinity, "5": Infinity, "6": Infinity, "7": Infinity, "8": Infinity, "9": Infinity, "10": Infinity}, "s717194930_spd=27.43189016177244_acc=1.0.html": {"1": Infinity, "2": Infinity, "3": Infinity, "4": Infinity, "5": Infinity}, "s271207089_spd=31.141838017079746_acc=1.0.html": {"1": Infinity, "2": Infinity, "3": Infinity, "4": 0.001134345784, "5": 0.001134345784, "6": 0.001140708712, "7": 0.001243998184}, "s354205705_spd=27.543016136936927_acc=1.0.html": {"1": 0.006225708632, "2": Infinity, "3": Infinity, "4": 0.0062260415359999995, "5": Infinity}, "s837230289_spd=50.66058463909082_acc=1.0.html": {"1": Infinity, "2": Infinity, "3": Infinity, "4": Infinity, "5": Infinity, "6": Infinity, "7": Infinity, "8": Infinity}, "s871862468_spd=50.395747586140544_acc=1.0.html": {"1": Infinity, "2": Infinity, "3": Infinity, "4": Infinity, "5": Infinity, "6": Infinity}, "s439619925_spd=27.975648546412977_acc=1.0.html": {"1": 0.006224433358, "2": Infinity, "3": Infinity, "4": 0.006224257754, "5": Infinity}, "s091984695_spd=27.37313461354686_acc=1.0.html": {"1": 0.006198459982, "2": Infinity, "3": Infinity, "4": 0.006206717374, "5": 0.006196290958000001}, "s828091027_spd=34.401766378803245_acc=1.0.html": {"1": Infinity, "2": Infinity, "3": Infinity, "4": Infinity, "5": Infinity}, "s514341806_spd=50.057375306841195_acc=1.0.html": {"1": Infinity, "2": Infinity, "3": Infinity, "4": Infinity, "5": Infinity}, "s655022052_spd=27.64052645330175_acc=1.0.html": {"1": Infinity, "2": Infinity, "3": 0.006047652468}, "s735918365_spd=27.299248624779842_acc=1.0.html": {"1": Infinity, "2": Infinity, "3": Infinity, "4": Infinity, "5": Infinity, "6": Infinity, "7": Infinity, "8": Infinity, "9": Infinity, "10": Infinity, "11": Infinity}, "s844855275_spd=27.473576090415065_acc=1.0.html": {"1": Infinity, "2": Infinity, "3": Infinity, "4": Infinity, "5": Infinity, "6": Infinity, "7": Infinity}, "s230831584_spd=50.34313401967914_acc=1.0.html": {"1": 0.006236137336, "2": 0.006229893956, "3": 0.006229893956, "4": 0.006228463098, "5": 0.006258659836, "6": 0.006260759076, "7": 0.006268021474, "8": Infinity}, "s770260512_spd=28.284187436078355_acc=1.0.html": {"1": Infinity, "2": 0.008633450826, "3": 0.008633450826, "4": 0.00863417126, "5": Infinity, "6": Infinity, "7": 0.008632210444000001, "8": Infinity}, "s095487934_spd=27.570536851747146_acc=1.0.html": {"1": Infinity, "2": Infinity, "3": Infinity, "4": Infinity, "5": Infinity, "6": Infinity, "7": Infinity}, "s638721331_spd=27.382041215713144_acc=1.0.html": {"1": 0.006201416078, "2": Infinity, "3": 0.006203695497999999, "4": 0.006210963616000001, "5": Infinity, "6": Infinity, "7": Infinity, "8": Infinity, "9": Infinity, "10": Infinity}, "s394872425_spd=50.224882520959994_acc=1.0.html": {"1": 0.006129649812, "2": Infinity, "3": 0.0061970342719999995, "4": Infinity, "5": Infinity, "6": Infinity, "7": 0.006196853234}, "s962695246_spd=50.20986204921044_acc=1.0.html": {"1": 0.006097005486, "2": 0.006097005486, "3": 0.006096547314}, "s785852101_spd=27.52861185407805_acc=1.0.html": {"1": 0.006238775972000001, "2": Infinity, "3": Infinity, "4": Infinity, "5": Infinity, "6": Infinity, "7": 0.0061530566240000015, "8": 0.006130520681999999}, "s016153856_spd=49.9367659511_acc=1.0.htm": {"1": Infinity, "2": 0.006163554254, "3": Infinity, "4": Infinity}}