{"s520470856_spd=27.39943975841911_acc=1.0.html": {"source": 0.031387243602, "best": 0.0061499955660000005, "target": 0.006393047232}, "s207495824_spd=41.58362974418764_acc=1.0.html": {"source": 0.046947320134000006, "best": 0.046984121184, "target": 0.010945672451999998}, "s733720222_spd=50.23510528348582_acc=1.0.html": {"source": 0.057732640108, "best": 0.006085129622, "target": 0.0060950684080000005}, "s766949236_spd=43.521725831102984_acc=1.0.html": {"source": 0.066409969912, "best": 0.014627006394, "target": 0.006531922826000001}, "s029007053_spd=29.63630168869682_acc=1.0.html": {"source": 0.033804251624, "best": Infinity, "target": 0.008553340796000002}, "s437790328_spd=48.00901188136315_acc=1.0.html": {"source": 0.057939851397999995, "best": 0.006230374150000001, "target": 0.016082759835999997}, "s284024370_spd=50.491988919671265_acc=1.0.html": {"source": 0.057884204664, "best": Infinity, "target": 0.006032330304000001}, "s209101563_spd=42.09116027111039_acc=1.0.html": {"source": 0.05759064940200001, "best": 0.006079234018, "target": 0.006241505270000001}, "s555667158_spd=49.72545106289401_acc=1.0.html": {"source": 0.057567523441999995, "best": 0.11056292361399998, "target": 0.006083866932}, "s765643002_spd=50.05350583499421_acc=1.0.html": {"source": 0.057545645014, "best": 0.058120805028, "target": 0.006164756884}, "s717194930_spd=27.43189016177244_acc=1.0.html": {"source": 0.031568460066000004, "best": Infinity, "target": 0.006084468676}, "s271207089_spd=31.141838017079746_acc=1.0.html": {"source": 0.035126084708, "best": 0.035113317096, "target": 0.007558455762}, "s354205705_spd=27.543016136936927_acc=1.0.html": {"source": 0.0315865836, "best": 0.006225708632, "target": 0.006171599148000001}, "s837230289_spd=50.66058463909082_acc=1.0.html": {"source": 0.058105953048, "best": 0.011196401501999999, "target": 0.01121928665}, "s871862468_spd=50.395747586140544_acc=1.0.html": {"source": 0.057587630386, "best": 0.00617397781, "target": 0.006179175288000001}, "s439619925_spd=27.975648546412977_acc=1.0.html": {"source": 0.031279393288, "best": 0.006224678460000001, "target": 0.006204039555999999}, "s091984695_spd=27.37313461354686_acc=1.0.html": {"source": 0.031391717786, "best": 0.006196945326, "target": 0.006197561942}, "s828091027_spd=34.401766378803245_acc=1.0.html": {"source": 0.03967637245, "best": 0.00608075325, "target": 0.006089981040000001}, "s514341806_spd=50.057375306841195_acc=1.0.html": {"source": 0.057545592390000004, "best": Infinity, "target": 0.031088434234000005}, "s655022052_spd=27.64052645330175_acc=1.0.html": {"source": 0.031137660553999996, "best": 0.008528519428, "target": 0.006039993388000001}, "s735918365_spd=27.299248624779842_acc=1.0.html": {"source": 0.031316693407999995, "best": 0.031259038382000004, "target": 0.011110183369999999}, "s844855275_spd=27.473576090415065_acc=1.0.html": {"source": 0.031110291212, "best": 0.057567569202000006, "target": 0.0060394128079999995}, "s230831584_spd=50.34313401967914_acc=1.0.html": {"source": 0.057737274738, "best": 0.006220382167999999, "target": 0.006222869796000001}, "s770260512_spd=28.284187436078355_acc=1.0.html": {"source": 0.031101205564, "best": 0.008634017106, "target": 0.0061689056}, "s095487934_spd=27.570536851747146_acc=1.0.html": {"source": 0.031574605634, "best": 0.006188274378, "target": 0.006188691366000001}, "s638721331_spd=27.382041215713144_acc=1.0.html": {"source": 0.03139388395, "best": 0.0061988091880000006, "target": 0.006206377606000001}, "s394872425_spd=50.224882520959994_acc=1.0.html": {"source": 0.05866390101, "best": 0.006195487584, "target": 0.006196853234}, "s962695246_spd=50.20986204921044_acc=1.0.html": {"source": 0.057938599290000004, "best": 0.006097005486, "target": 0.006129438172}, "s785852101_spd=27.52861185407805_acc=1.0.html": {"source": 0.031344185158, "best": 0.006153758182000001, "target": 0.006153372367999999}, "s016153856_spd=49.9367659511_acc=1.0.htm": {"source": 0.057714188532, "best": 0.006197545926000001, "target": 0.0061787731719999996}}