{"s871862468_spd=50.395747586140544_acc=1.0.html": {"source": 0.057587630386, "best": 0.006112630809999999, "target": 0.006179175288000001}}