{"s520470856_spd=27.39943975841911_acc=1.0.html": {"1": 0.006386594214, "2": 0.0061500055759999995, "3": 0.0061499955660000005, "4": 0.0061499955660000005}, "s207495824_spd=41.58362974418764_acc=1.0.html": {"1": 0.046984121184, "2": Infinity, "3": Infinity, "4": Infinity, "5": Infinity, "6": Infinity, "7": Infinity}, "s733720222_spd=50.23510528348582_acc=1.0.html": {"1": 0.006184135100000001, "2": 0.006184135100000001, "3": 0.006162200044, "4": 0.006085129622, "5": 0.006144466900000001}, "s766949236_spd=43.521725831102984_acc=1.0.html": {"1": 0.066010311796, "2": 0.066022572616, "3": 0.065976344434, "4": 0.014627006394, "5": Infinity, "6": Infinity, "7": Infinity}, "s029007053_spd=29.63630168869682_acc=1.0.html": {"1": Infinity, "2": Infinity, "3": Infinity, "4": Infinity, "5": Infinity}, "s437790328_spd=48.00901188136315_acc=1.0.html": {"1": Infinity, "2": Infinity, "3": 0.006230374150000001, "4": 0.0062312784820000005, "5": 0.0062312784820000005}, "s284024370_spd=50.491988919671265_acc=1.0.html": {"1": Infinity, "2": Infinity, "3": Infinity}, "s209101563_spd=42.09116027111039_acc=1.0.html": {"1": 0.006079234018, "2": 0.006148418848, "3": 0.057996262324, "4": 0.057999203834}, "s555667158_spd=49.72545106289401_acc=1.0.html": {"1": Infinity, "2": Infinity, "3": Infinity, "4": Infinity, "5": Infinity}, "s765643002_spd=50.05350583499421_acc=1.0.html": {"1": 0.058121244037999995, "2": 0.058120805028, "3": 0.058210172591999995, "4": 0.058213306866}, "s717194930_spd=27.43189016177244_acc=1.0.html": {"1": Infinity, "2": Infinity, "3": Infinity, "4": Infinity}, "s271207089_spd=31.141838017079746_acc=1.0.html": {"1": 0.035113317096, "2": 0.10476471662800002, "3": 0.104763844614, "4": Infinity, "5": 0.10477129777399999}, "s354205705_spd=27.543016136936927_acc=1.0.html": {"1": 0.006225708632, "2": 0.006225773268, "3": 0.006225921987999999, "4": 0.006225921987999999, "5": 0.006225773268}, "s837230289_spd=50.66058463909082_acc=1.0.html": {"1": 0.011204259638, "2": 0.011204819626000001, "3": 0.011196401501999999, "4": 0.011196401501999999, "5": 0.011196401501999999}, "s871862468_spd=50.395747586140544_acc=1.0.html": {"1": 0.057582070545999994, "2": 0.057582974306, "3": 0.057582974306, "4": 0.05767390428800001, "5": 0.05767390428800001, "6": 0.00617397781}, "s439619925_spd=27.975648546412977_acc=1.0.html": {"1": 0.006225158654000001, "2": 0.006224678460000001, "3": 0.00622484148, "4": 0.00622484148, "5": 0.00622484148}, "s091984695_spd=27.37313461354686_acc=1.0.html": {"1": 0.00619891987, "2": 0.006197148386, "3": 0.006196945326}, "s828091027_spd=34.401766378803245_acc=1.0.html": {"1": 0.00608075325, "2": Infinity, "3": Infinity, "4": Infinity, "5": Infinity}, "s514341806_spd=50.057375306841195_acc=1.0.html": {"1": Infinity, "2": Infinity, "3": Infinity, "4": Infinity, "5": Infinity}, "s655022052_spd=27.64052645330175_acc=1.0.html": {"1": 0.008528519428, "2": Infinity, "3": Infinity, "4": Infinity, "5": Infinity}, "s735918365_spd=27.299248624779842_acc=1.0.html": {"1": 0.031265124176, "2": 0.031265124176, "3": 0.03126518109, "4": 0.03126518109, "5": 0.03126518109, "6": 0.031268383432, "7": 0.031259038382000004, "8": 0.031259038382000004}, "s844855275_spd=27.473576090415065_acc=1.0.html": {"1": 0.057567569202000006, "2": 0.057567569202000006, "3": Infinity, "4": Infinity, "5": Infinity}, "s230831584_spd=50.34313401967914_acc=1.0.html": {"1": 0.006220382167999999, "2": Infinity, "3": Infinity, "4": Infinity, "5": Infinity}, "s770260512_spd=28.284187436078355_acc=1.0.html": {"1": 0.031096258908000003, "2": 0.031355682644, "3": 0.008637449678, "4": 0.008636032548, "5": 0.008634017106}, "s095487934_spd=27.570536851747146_acc=1.0.html": {"1": 0.006207277362, "2": 0.006207277362, "3": 0.006188274378, "4": 0.006188274378, "5": Infinity}, "s638721331_spd=27.382041215713144_acc=1.0.html": {"1": 0.006205356586000001, "2": 0.0062061908479999995, "3": 0.0061988091880000006, "4": 0.0061988091880000006, "5": 0.0061988091880000006, "6": Infinity}, "s394872425_spd=50.224882520959994_acc=1.0.html": {"1": 0.0062046696140000005, "2": 0.006195487584, "3": Infinity, "4": Infinity}, "s962695246_spd=50.20986204921044_acc=1.0.html": {"1": 0.006097005486, "2": 0.006097005486, "3": 0.006100211259999999}, "s785852101_spd=27.52861185407805_acc=1.0.html": {"1": 0.006238775972000001, "2": 0.006238775972000001, "3": 0.006238775972000001, "4": 0.006153758182000001, "5": 0.006153758182000001, "6": 0.006153758182000001}, "s016153856_spd=49.9367659511_acc=1.0.htm": {"1": 0.006215609399999999, "2": 0.006197545926000001, "3": 0.006221663162000001, "4": 0.006215302522, "5": 0.00623427662}}