{"s520470856_spd=27.39943975841911_acc=1.0.html": {"0": 0.031387243602, "1": 0.00638510873, "2": 0.006164318446, "3": 0.006165442998, "4": 0.00616458986, "5": 0.006393047232}, "s207495824_spd=41.58362974418764_acc=1.0.html": {"0": 0.046947320134000006, "1": 0.046962315686000004, "2": 0.006052898851999999, "3": Infinity, "4": Infinity, "5": Infinity, "6": Infinity, "7": Infinity, "8": Infinity, "9": 0.010945672451999998}, "s733720222_spd=50.23510528348582_acc=1.0.html": {"0": 0.057732640108, "1": 0.006179571969999999, "2": 0.006179571969999999, "3": 0.006161909754000001, "4": 0.006161909754000001, "5": 0.007310305859999999, "6": 0.0060950684080000005}, "s766949236_spd=43.521725831102984_acc=1.0.html": {"0": 0.066409969912, "1": 0.066010311796, "2": 0.066010311796, "3": 0.006585822672000001, "4": 0.0065922857000000005, "5": 0.00654484116, "6": 0.0061519601, "7": 0.0061519601, "8": 0.0061519601, "9": 0.006531922826000001}, "s029007053_spd=29.63630168869682_acc=1.0.html": {"0": 0.033804251624, "1": Infinity, "2": 0.006082499852, "3": 0.006082499852, "4": 0.006076042830000001, "5": 0.006146062208, "6": 0.006146062208, "7": 0.008553340796000002}, "s437790328_spd=48.00901188136315_acc=1.0.html": {"0": 0.057939851397999995, "1": 0.006156005856, "2": 0.006156039031999999, "3": Infinity, "4": Infinity, "5": Infinity, "6": 0.016082759835999997}, "s284024370_spd=50.491988919671265_acc=1.0.html": {"0": 0.057884204664, "1": 0.006156897032, "2": 0.00615846946, "3": 0.006160617034, "4": 0.006032330304000001}, "s209101563_spd=42.09116027111039_acc=1.0.html": {"0": 0.05759064940200001, "1": Infinity, "2": 0.006181047444, "3": 0.006222213712, "4": 0.006214619268, "5": 0.006241505270000001}, "s555667158_spd=49.72545106289401_acc=1.0.html": {"0": 0.057567523441999995, "1": 0.057567523441999995, "2": 0.057570692894, "3": 0.05756540160799999, "4": 0.057627413844, "5": 0.057627871158, "6": 0.006083866932}, "s765643002_spd=50.05350583499421_acc=1.0.html": {"0": 0.057545645014, "1": 0.057545645014, "2": 0.084025837038, "3": 0.08404369344800001, "4": 0.084220908772, "5": 0.08424906318400001, "6": 0.084250373064, "7": 0.084220919068, "8": Infinity, "9": Infinity, "10": Infinity, "11": 0.006164756884}, "s717194930_spd=27.43189016177244_acc=1.0.html": {"0": 0.031568460066000004, "1": Infinity, "2": Infinity, "3": Infinity, "4": Infinity, "5": Infinity, "6": 0.006084468676}, "s271207089_spd=31.141838017079746_acc=1.0.html": {"0": 0.035126084708, "1": 0.035112130768, "2": 0.10476573307200002, "3": 0.10477048095800001, "4": 0.001134345784, "5": 0.001134345784, "6": 0.001140708712, "7": 0.001243998184, "8": 0.007558455762}, "s354205705_spd=27.543016136936927_acc=1.0.html": {"0": 0.0315865836, "1": 0.006225708632, "2": 0.0062257838499999996, "3": 0.0062260415359999995, "4": 0.0062260415359999995, "5": 0.0062260415359999995, "6": 0.006171599148000001}, "s837230289_spd=50.66058463909082_acc=1.0.html": {"0": 0.058105953048, "1": 0.016201825926, "2": 0.016200647892, "3": 0.016200647892, "4": 0.016200647892, "5": Infinity, "6": Infinity, "7": Infinity, "8": Infinity, "9": 0.01121928665}, "s871862468_spd=50.395747586140544_acc=1.0.html": {"0": 0.057587630386, "1": Infinity, "2": Infinity, "3": Infinity, "4": Infinity, "5": Infinity, "6": Infinity, "7": 0.006179175288000001}, "s439619925_spd=27.975648546412977_acc=1.0.html": {"0": 0.031279393288, "1": 0.006224433358, "2": 0.006224433358, "3": 0.006224257754, "4": 0.006224257754, "5": 0.006224257754, "6": 0.006204039555999999}, "s091984695_spd=27.37313461354686_acc=1.0.html": {"0": 0.031391717786, "1": 0.006198459982, "2": 0.006196137375999999, "3": 0.006197467276000001, "4": 0.006206717374, "5": 0.006196290958000001, "6": 0.006197561942}, "s828091027_spd=34.401766378803245_acc=1.0.html": {"0": 0.03967637245, "1": 0.03967637245, "2": 0.039678244606, "3": 0.039678244606, "4": 0.039680534893999996, "5": 0.039680534893999996, "6": 0.006089981040000001}, "s514341806_spd=50.057375306841195_acc=1.0.html": {"0": 0.057545592390000004, "1": Infinity, "2": Infinity, "3": Infinity, "4": Infinity, "5": Infinity, "6": 0.031088434234000005}, "s655022052_spd=27.64052645330175_acc=1.0.html": {"0": 0.031137660553999996, "1": Infinity, "2": Infinity, "3": 0.006047652468, "4": 0.006039993388000001}, "s735918365_spd=27.299248624779842_acc=1.0.html": {"0": 0.031316693407999995, "1": 0.031316502646, "2": 0.03126518109, "3": 0.03126518109, "4": 0.03126518109, "5": 0.03126518109, "6": 0.03126518109, "7": 0.03126518109, "8": 0.03126518109, "9": Infinity, "10": Infinity, "11": Infinity, "12": 0.011110183369999999}, "s844855275_spd=27.473576090415065_acc=1.0.html": {"0": 0.031110291212, "1": 0.031103950877999997, "2": 0.031103954596000002, "3": 0.031103954596000002, "4": Infinity, "5": Infinity, "6": Infinity, "7": Infinity, "8": 0.0060394128079999995}, "s230831584_spd=50.34313401967914_acc=1.0.html": {"0": 0.057737274738, "1": 0.006236137336, "2": 0.006229893956, "3": 0.006229893956, "4": 0.006228463098, "5": 0.006258659836, "6": 0.006260759076, "7": 0.006268021474, "8": Infinity, "9": 0.006222869796000001}, "s770260512_spd=28.284187436078355_acc=1.0.html": {"0": 0.031101205564, "1": 0.031279005758, "2": 0.008633450826, "3": 0.008633450826, "4": 0.00863417126, "5": 0.008633186562, "6": 0.008632272505999999, "7": 0.008632210444000001, "8": 0.008632940602, "9": 0.0061689056}, "s095487934_spd=27.570536851747146_acc=1.0.html": {"0": 0.031574605634, "1": Infinity, "2": Infinity, "3": Infinity, "4": Infinity, "5": Infinity, "6": Infinity, "7": Infinity, "8": 0.006188691366000001}, "s638721331_spd=27.382041215713144_acc=1.0.html": {"0": 0.03139388395, "1": 0.006201416078, "2": 0.006203695497999999, "3": 0.006203695497999999, "4": 0.006210963616000001, "5": Infinity, "6": Infinity, "7": Infinity, "8": Infinity, "9": Infinity, "10": Infinity, "11": 0.006206377606000001}, "s394872425_spd=50.224882520959994_acc=1.0.html": {"0": 0.05866390101, "1": 0.006129649812, "2": 0.006201356876, "3": 0.0061970342719999995, "4": Infinity, "5": Infinity, "6": Infinity, "7": 0.006196853234, "8": 0.006196853234}, "s962695246_spd=50.20986204921044_acc=1.0.html": {"0": 0.057938599290000004, "1": 0.006097005486, "2": 0.006097005486, "3": 0.006096547314, "4": 0.006129438172}, "s785852101_spd=27.52861185407805_acc=1.0.html": {"0": 0.031344185158, "1": 0.006238775972000001, "2": Infinity, "3": Infinity, "4": Infinity, "5": Infinity, "6": 0.0061530566240000015, "7": 0.0061530566240000015, "8": 0.006130520681999999, "9": 0.006153372367999999}, "s016153856_spd=49.9367659511_acc=1.0.htm": {"0": 0.057714188532, "1": 0.057708434498, "2": 0.006163554254, "3": 0.006213589382, "4": Infinity, "5": 0.0061787731719999996}}