{"s520470856_spd=27.39943975841911_acc=1.0.html": {"1": 1.0, "2": 1.0, "3": 1.0, "4": 1.0}, "s207495824_spd=41.58362974418764_acc=1.0.html": {"1": 1.0, "2": 0.0, "3": 0.0, "4": 0.0, "5": 0.0, "6": 0.0, "7": 0.0}, "s733720222_spd=50.23510528348582_acc=1.0.html": {"1": 1.0, "2": 1.0, "3": 1.0, "4": 1.0, "5": 1.0}, "s766949236_spd=43.521725831102984_acc=1.0.html": {"1": 1.0, "2": 1.0, "3": 1.0, "4": 1.0, "5": 0.8333333333333334, "6": 0.8333333333333334, "7": 0.8333333333333334}, "s029007053_spd=29.63630168869682_acc=1.0.html": {"1": 0.3333333333333333, "2": 0.3333333333333333, "3": 0.3333333333333333, "4": 0.3333333333333333, "5": 0.3333333333333333}, "s437790328_spd=48.00901188136315_acc=1.0.html": {"1": 0.0, "2": 0.0, "3": 1.0, "4": 1.0, "5": 1.0}, "s284024370_spd=50.491988919671265_acc=1.0.html": {"1": 0.0, "2": 0.0, "3": 0.0}, "s209101563_spd=42.09116027111039_acc=1.0.html": {"1": 1.0, "2": 1.0, "3": 1.0, "4": 1.0}, "s555667158_spd=49.72545106289401_acc=1.0.html": {"1": 0.0, "2": 0.0, "3": 0.0, "4": 1.0, "5": 1.0}, "s765643002_spd=50.05350583499421_acc=1.0.html": {"1": 1.0, "2": 1.0, "3": 1.0, "4": 1.0}, "s717194930_spd=27.43189016177244_acc=1.0.html": {"1": 1.0, "2": 1.0, "3": 0.0, "4": 0.0}, "s271207089_spd=31.141838017079746_acc=1.0.html": {"1": 1.0, "2": 1.0, "3": 1.0, "4": 1.0, "5": 1.0}, "s354205705_spd=27.543016136936927_acc=1.0.html": {"1": 1.0, "2": 1.0, "3": 1.0, "4": 1.0, "5": 1.0}, "s837230289_spd=50.66058463909082_acc=1.0.html": {"1": 1.0, "2": 1.0, "3": 1.0, "4": 1.0, "5": 1.0}, "s871862468_spd=50.395747586140544_acc=1.0.html": {"1": 1.0, "2": 1.0, "3": 1.0, "4": 1.0, "5": 1.0, "6": 1.0}, "s439619925_spd=27.975648546412977_acc=1.0.html": {"1": 1.0, "2": 1.0, "3": 1.0, "4": 1.0, "5": 1.0}, "s091984695_spd=27.37313461354686_acc=1.0.html": {"1": 1.0, "2": 1.0, "3": 1.0}, "s828091027_spd=34.401766378803245_acc=1.0.html": {"1": 1.0, "2": 0.0, "3": 0.0, "4": 0.0, "5": 0.0}, "s514341806_spd=50.057375306841195_acc=1.0.html": {"1": 0.0, "2": 0.0, "3": 0.0, "4": 1.0, "5": 0.0}, "s655022052_spd=27.64052645330175_acc=1.0.html": {"1": 1.0, "2": 0.0, "3": 0.0, "4": 0.0, "5": 0.0}, "s735918365_spd=27.299248624779842_acc=1.0.html": {"1": 1.0, "2": 1.0, "3": 1.0, "4": 1.0, "5": 1.0, "6": 1.0, "7": 1.0, "8": 1.0}, "s844855275_spd=27.473576090415065_acc=1.0.html": {"1": 1.0, "2": 1.0, "3": 0.0, "4": 0.0, "5": 0.0}, "s230831584_spd=50.34313401967914_acc=1.0.html": {"1": 1.0, "2": 0.0, "3": 0.0, "4": 0.0, "5": 0.0}, "s770260512_spd=28.284187436078355_acc=1.0.html": {"1": 1.0, "2": 1.0, "3": 1.0, "4": 1.0, "5": 1.0}, "s095487934_spd=27.570536851747146_acc=1.0.html": {"1": 1.0, "2": 1.0, "3": 1.0, "4": 1.0, "5": 0.0}, "s638721331_spd=27.382041215713144_acc=1.0.html": {"1": 1.0, "2": 1.0, "3": 1.0, "4": 1.0, "5": 1.0, "6": 0.0}, "s394872425_spd=50.224882520959994_acc=1.0.html": {"1": 1.0, "2": 1.0, "3": 0.0, "4": 0.0}, "s962695246_spd=50.20986204921044_acc=1.0.html": {"1": 1.0, "2": 1.0, "3": 1.0}, "s785852101_spd=27.52861185407805_acc=1.0.html": {"1": 1.0, "2": 1.0, "3": 1.0, "4": 1.0, "5": 1.0, "6": 1.0}, "s016153856_spd=49.9367659511_acc=1.0.htm": {"1": 1.0, "2": 1.0, "3": 1.0, "4": 1.0, "5": 1.0}}