{"s520470856_spd=27.39943975841911_acc=1.0.html": {"0": 0.031387243602, "1": 0.006384598506000001, "2": 0.006168784908000001, "3": 0.006168784908000001, "4": 0.006168784908000001, "5": 0.006393047232}, "s207495824_spd=41.58362974418764_acc=1.0.html": {"0": 0.046947320134000006, "1": Infinity, "2": 0.016015754325999998, "3": 0.016015754325999998, "4": 0.016015754325999998, "5": 0.016018893462, "6": 0.011095605092, "7": 0.00618231328, "8": 0.010945672451999998}, "s733720222_spd=50.23510528348582_acc=1.0.html": {"0": 0.057732640108, "1": 0.006190017262000001, "2": 0.006185059737999999, "3": 0.006181203028, "4": 0.006090261606, "5": 0.006229900534, "6": 0.0060950684080000005}, "s766949236_spd=43.521725831102984_acc=1.0.html": {"0": 0.066409969912, "1": 0.06616944848800001, "2": 0.06616944848800001, "3": Infinity, "4": 0.0074038527419999995, "5": Infinity, "6": Infinity, "7": Infinity, "8": 0.006531922826000001}, "s029007053_spd=29.63630168869682_acc=1.0.html": {"0": 0.033804251624, "1": Infinity, "2": 0.006082583078, "3": 0.006163925767999999, "4": 0.006161011142, "5": 0.006222114184, "6": 0.008553340796000002}, "s437790328_spd=48.00901188136315_acc=1.0.html": {"0": 0.057939851397999995, "1": 0.006156005856, "2": 0.006156276697999999, "3": 0.006152086226, "4": 0.006228200836, "5": 0.006228200836, "6": 0.016082759835999997}, "s284024370_spd=50.491988919671265_acc=1.0.html": {"0": 0.057884204664, "1": Infinity, "2": Infinity, "3": Infinity, "4": 0.006032330304000001}, "s209101563_spd=42.09116027111039_acc=1.0.html": {"0": 0.05759064940200001, "1": 0.006062656886, "2": 0.006189529918000001, "3": 0.006201458692, "4": 0.006202587248, "5": 0.006241505270000001}, "s555667158_spd=49.72545106289401_acc=1.0.html": {"0": 0.057567523441999995, "1": 0.052670580248000004, "2": 0.105596414638, "3": 0.105596414638, "4": Infinity, "5": 0.006210963044, "6": 0.006083866932}, "s765643002_spd=50.05350583499421_acc=1.0.html": {"0": 0.057545645014, "1": 0.05754592843999999, "2": 0.05754592843999999, "3": 0.057545192275999996, "4": 0.006048938896, "5": 0.006196053292, "6": 0.006195468708, "7": 0.00619503456, "8": 0.00619520616, "9": 0.006192552652, "10": 0.006194219459999999, "11": 0.006241983747999999, "12": 0.006220899828, "13": 0.006232332964, "14": 0.006164756884}, "s717194930_spd=27.43189016177244_acc=1.0.html": {"0": 0.031568460066000004, "1": Infinity, "2": Infinity, "3": Infinity, "4": Infinity, "5": Infinity, "6": 0.006084468676}, "s271207089_spd=31.141838017079746_acc=1.0.html": {"0": 0.035126084708, "1": 0.014084706636, "2": 0.05208824335, "3": 0.001133340208, "4": 0.0011340615, "5": 0.00611759434, "6": 0.007558455762}, "s354205705_spd=27.543016136936927_acc=1.0.html": {"0": 0.0315865836, "1": 0.0062266916140000005, "2": 0.00622635728, "3": 0.006225720072, "4": 0.006225720072, "5": 0.006225720072, "6": 0.006171599148000001}, "s837230289_spd=50.66058463909082_acc=1.0.html": {"0": 0.058105953048, "1": 0.058105953048, "2": 0.058105953048, "3": 0.058105953048, "4": 0.058105953048, "5": 0.058099895282000005, "6": 0.05810119400799999, "7": 0.05810119400799999, "8": Infinity, "9": Infinity, "10": Infinity, "11": Infinity, "12": Infinity, "13": Infinity, "14": Infinity, "15": Infinity, "16": Infinity, "17": Infinity, "18": Infinity, "19": Infinity, "20": Infinity, "21": 0.01121928665}, "s871862468_spd=50.395747586140544_acc=1.0.html": {"0": 0.057587630386, "1": 0.006170660782, "2": Infinity, "3": 0.006227244452000001, "4": 0.006227244452000001, "5": 0.006227244452000001, "6": 0.006227310232000001, "7": 0.006179175288000001}, "s439619925_spd=27.975648546412977_acc=1.0.html": {"0": 0.031279393288, "1": 0.006173199318, "2": 0.006173199318, "3": 0.006179116944, "4": 0.006179116944, "5": 0.006226802296, "6": 0.006204039555999999}, "s091984695_spd=27.37313461354686_acc=1.0.html": {"0": 0.031391717786, "1": 0.006198459982, "2": 0.006196137375999999, "3": 0.006197467276000001, "4": Infinity, "5": 0.006196290958000001, "6": 0.006197561942}, "s828091027_spd=34.401766378803245_acc=1.0.html": {"0": 0.03967637245, "1": 0.03967637245, "2": 0.006085644136000001, "3": 0.006085644136000001, "4": 0.006085644136000001, "5": 0.006091593508000001, "6": 0.006089981040000001}, "s514341806_spd=50.057375306841195_acc=1.0.html": {"0": 0.057545592390000004, "1": Infinity, "2": Infinity, "3": Infinity, "4": Infinity, "5": Infinity, "6": 0.031088434234000005}, "s655022052_spd=27.64052645330175_acc=1.0.html": {"0": 0.031137660553999996, "1": 0.031137660553999996, "2": 0.008528519428, "3": Infinity, "4": 0.0060449288900000005, "5": 0.006039993388000001, "6": 0.006039993388000001}, "s735918365_spd=27.299248624779842_acc=1.0.html": {"0": 0.031316693407999995, "1": 0.031270462366, "2": 0.031270462366, "3": 0.031270462366, "4": 0.031270421182000005, "5": 0.031270421182000005, "6": 0.011110183369999999}, "s844855275_spd=27.473576090415065_acc=1.0.html": {"0": 0.031110291212, "1": 0.031091637433999997, "2": Infinity, "3": Infinity, "4": Infinity, "5": Infinity, "6": 0.0060394128079999995}, "s230831584_spd=50.34313401967914_acc=1.0.html": {"0": 0.057737274738, "1": Infinity, "2": Infinity, "3": Infinity, "4": 0.0061860349979999995, "5": 0.006174889864, "6": 0.006174889864, "7": 0.006096957438, "8": 0.006222869796000001}, "s770260512_spd=28.284187436078355_acc=1.0.html": {"0": 0.031101205564, "1": 0.031291214240000004, "2": 0.008633165398000001, "3": 0.008637028686, "4": Infinity, "5": 0.0061689056}, "s095487934_spd=27.570536851747146_acc=1.0.html": {"0": 0.031574605634, "1": Infinity, "2": 0.006204345862, "3": 0.006204345862, "4": Infinity, "5": Infinity, "6": Infinity, "7": Infinity, "8": Infinity, "9": Infinity, "10": Infinity, "11": 0.006188691366000001}, "s638721331_spd=27.382041215713144_acc=1.0.html": {"0": 0.03139388395, "1": 0.0062061061919999995, "2": 0.006204362163999999, "3": 0.006204362163999999, "4": 0.006203557074, "5": 0.006203557074, "6": 0.006191592264, "7": 0.006191592264, "8": 0.006206377606000001}, "s394872425_spd=50.224882520959994_acc=1.0.html": {"0": 0.05866390101, "1": 0.0062061061919999995, "2": Infinity, "3": Infinity, "4": 0.006199861954000001, "5": 0.006196853234}, "s962695246_spd=50.20986204921044_acc=1.0.html": {"0": 0.057938599290000004, "1": 0.006129438172, "2": 0.006129438172, "3": 0.006129438172}, "s785852101_spd=27.52861185407805_acc=1.0.html": {"0": 0.031344185158, "1": 0.00625679626, "2": 0.00625679626, "3": 0.00625679626, "4": 0.006154289856, "5": 0.006154289856, "6": Infinity, "7": 0.006153372367999999}, "s016153856_spd=49.9367659511_acc=1.0.htm": {"0": 0.057714188532, "1": 0.05771857748800001, "2": 0.05771857748800001, "3": 0.05771281945000001, "4": 0.05772088121800001, "5": 0.057720976456, "6": 0.006204473704, "7": 0.006204473704, "8": 0.006204473704, "9": 0.0061787731719999996}}